<?xml version="1.0" encoding="UTF-8"?>
<project-private xmlns="http://www.netbeans.org/ns/project-private/1">
    <editor-bookmarks xmlns="http://www.netbeans.org/ns/editor-bookmarks/2" lastBookmarkId="0"/>
    <open-files xmlns="http://www.netbeans.org/ns/projectui-open-files/2">
        <group>
            <file>file:/C:/Users/im5no/Documents/Compilers/GitRepo/Compilers/Labs/Step_1/LittleCompiler/test/LittleCompilerTests/TestRunner.java</file>
            <file>file:/C:/Users/im5no/Documents/Compilers/GitRepo/Compilers/Labs/Step_1/LittleCompiler/src/littlecompiler/Compiler.java</file>
            <file>file:/C:/Users/im5no/Documents/Compilers/GitRepo/Compilers/Labs/Step_1/LittleCompiler/src/littlecompiler/LittleCompiler.java</file>
            <file>file:/C:/Users/im5no/Documents/Compilers/GitRepo/Compilers/Labs/Step_1/LittleCompiler/src/littlecompiler/CompilerFactory.java</file>
            <file>file:/C:/Users/im5no/Documents/Compilers/GitRepo/Compilers/Labs/Step_1/LittleCompiler/src/littlecompiler/TokenVisualizer.java</file>
            <file>file:/C:/Users/im5no/Documents/Compilers/GitRepo/Compilers/Labs/Step_1/LittleCompiler/test/LittleCompilerTests/TokenVisualizerTest.java</file>
        </group>
    </open-files>
</project-private>
